Module index,Module name,Topic index,Topic name,Lesson index,Lesson name
1,Composing and Decomposing,1,Factors and Multiples,1,Writing Equivalent Expressions Using the Distributive Property
1,Composing and Decomposing,1,Factors and Multiples,2,Identifying Common Factors and Common Multiples
1,Composing and Decomposing,1,Factors and Multiples,3,Dividing a Whole into Fractional Parts
1,Composing and Decomposing,1,Factors and Multiples,4,Benchmark Fractions
1,Composing and Decomposing,1,Factors and Multiples,5,Multiplying Fractions
1,Composing and Decomposing,1,Factors and Multiples,6,Fraction by Fraction Division
1,Composing and Decomposing,1,Factors and Multiples,7,Factors and Multiples
1,Composing and Decomposing,2,Shapes and Solids,1,Constructing Triangles Given Sides
1,Composing and Decomposing,2,Shapes and Solids,2,Triangle Sum Theorem
1,Composing and Decomposing,2,Shapes and Solids,3,Area of Triangles and Quadrilaterals
1,Composing and Decomposing,2,Shapes and Solids,4,Volume of Rectangular Prisms
1,Composing and Decomposing,2,Shapes and Solids,5,Shapes and Solids
1,Composing and Decomposing,3,Decimals,1,"Plotting, Comparing, and Ordering Rational Numbers"
1,Composing and Decomposing,3,Decimals,2,Multiplying Decimals
1,Composing and Decomposing,3,Decimals,3,Dividing Decimals
1,Composing and Decomposing,3,Decimals,4,Decimals
2,Relating Quantities,1,Ratios and Rates,1,Introduction to Ratio and Ratio Reasoning
2,Relating Quantities,1,Ratios and Rates,2,Comparing Ratios and Rates to Solve Problems
2,Relating Quantities,1,Ratios and Rates,3,Determining Equivalent Ratios and Rates
2,Relating Quantities,1,Ratios and Rates,4,Using Tables to Represent Equivalent Ratios and Rates
2,Relating Quantities,1,Ratios and Rates,5,Graphs of Ratios and Rates
2,Relating Quantities,1,Ratios and Rates,6,Using and Comparing Ratio and Rate Representations
2,Relating Quantities,1,Ratios and Rates,7,Ratios and Rates
2,Relating Quantities,2,Percents,1,"Percent, Fraction, and Decimal Equivalence"
2,Relating Quantities,2,Percents,2,Using Estimation and Benchmark Percents
2,Relating Quantities,2,Percents,3,Determining the Part and the Whole in Percent Problems
2,Relating Quantities,2,Percents,4,Percents
2,Relating Quantities,3,Unit Rates and Conversions,1,Using Ratio Reasoning to Convert Units
2,Relating Quantities,3,Unit Rates and Conversions,2,Introduction to Unit Rates
2,Relating Quantities,3,Unit Rates and Conversions,3,Multiple Representations of Unit Rates
2,Relating Quantities,3,Unit Rates and Conversions,4,Unit Rates and Conversions
3,Moving Beyond Positive Quantities,1,Signed Numbers and the Four Quadrants,1,Introduction to Negative Numbers
3,Moving Beyond Positive Quantities,1,Signed Numbers and the Four Quadrants,2,Absolute Value
3,Moving Beyond Positive Quantities,1,Signed Numbers and the Four Quadrants,3,Rational Number System
3,Moving Beyond Positive Quantities,1,Signed Numbers and the Four Quadrants,4,Extending the Coordinate Plane
3,Moving Beyond Positive Quantities,1,Signed Numbers and the Four Quadrants,5,Signed Numbers and the Four Quadrants
3,Moving Beyond Positive Quantities,2,Operating with Integers,1,Using Models to Understand Integer Addition
3,Moving Beyond Positive Quantities,2,Operating with Integers,2,"Adding Integers, Part I"
3,Moving Beyond Positive Quantities,2,Operating with Integers,3,"Adding Integers, Part II"
3,Moving Beyond Positive Quantities,2,Operating with Integers,4,Subtracting Integers
3,Moving Beyond Positive Quantities,2,Operating with Integers,5,Multiplying and Dividing Integers
3,Moving Beyond Positive Quantities,2,Operating with Integers,6,Operating with Integers
4,Determining Unknown Quantities,1,Expressions,1,Evaluating Numeric Expressions
4,Determining Unknown Quantities,1,Expressions,2,Introduction to Algebraic Expressions
4,Determining Unknown Quantities,1,Expressions,3,Equivalent Expressions
4,Determining Unknown Quantities,1,Expressions,4,Verifying Equivalent Expressions
4,Determining Unknown Quantities,1,Expressions,5,Expressions
4,Determining Unknown Quantities,2,Equations and Inequalities,1,Reasoning with Equal Expressions
4,Determining Unknown Quantities,2,Equations and Inequalities,2,Solving One-Step Addition Equations
4,Determining Unknown Quantities,2,Equations and Inequalities,3,Solving One-Step Multiplication Equations
4,Determining Unknown Quantities,2,Equations and Inequalities,4,Solving Equations to Solve Problems
4,Determining Unknown Quantities,2,Equations and Inequalities,5,Solving Inequalities with Inverse Operations
4,Determining Unknown Quantities,2,Equations and Inequalities,6,Equations and Inequalities
4,Determining Unknown Quantities,3,Graphing Quantitative Relationships,1,Independent and Dependent Variables
4,Determining Unknown Quantities,3,Graphing Quantitative Relationships,2,Using Graphs to Solve Problems
4,Determining Unknown Quantities,3,Graphing Quantitative Relationships,3,Multiple Representations of Equations
4,Determining Unknown Quantities,3,Graphing Quantitative Relationships,4,"Relating Distance, Rate, and Time"
4,Determining Unknown Quantities,3,Graphing Quantitative Relationships,5,Problem Solving on the Coordinate Plane
4,Determining Unknown Quantities,3,Graphing Quantitative Relationships,6,Graphing Quantitative Relationships
4,Determining Unknown Quantities,4,"Financial Literacy: Accounts, Credit, and Careers",1,Checking Accounts
4,Determining Unknown Quantities,4,"Financial Literacy: Accounts, Credit, and Careers",2,Debit Cards vs. Credit Cards
4,Determining Unknown Quantities,4,"Financial Literacy: Accounts, Credit, and Careers",3,Understanding Credit Reports
4,Determining Unknown Quantities,4,"Financial Literacy: Accounts, Credit, and Careers",4,Career Exploration
4,Determining Unknown Quantities,4,"Financial Literacy: Accounts, Credit, and Careers",5,Paying for College
4,Determining Unknown Quantities,4,"Financial Literacy: Accounts, Credit, and Careers",6,"Financial Literacy: Accounts, Credit, and Careers"
5,Describing Variability of Quantities,1,The Statistical Process,1,Understanding the Statistical Process
5,Describing Variability of Quantities,1,The Statistical Process,2,Analyzing Numerical Data Displays
5,Describing Variability of Quantities,1,The Statistical Process,3,Using Histograms to Display Data
5,Describing Variability of Quantities,1,The Statistical Process,4,The Statistical Process
5,Describing Variability of Quantities,2,Numerical Summaries of Data,1,Analyzing Data Using Measures of Center
5,Describing Variability of Quantities,2,Numerical Summaries of Data,2,Displaying the Five-Number Summary
5,Describing Variability of Quantities,2,Numerical Summaries of Data,3,"Collecting, Displaying, and Analyzing Data"
5,Describing Variability of Quantities,2,Numerical Summaries of Data,4,Numerical Summaries of Data